ct_adcode,ct_name,pr_adcode,pr_name,cn_adcode,cn_name,city,adcode_mapped,hightech_value,local_moran_i,local_moran_p,lisa_quadrant,lisa_class,lisa_label,gi_star_z,gi_star_p,gi_star_class,gi_star_label,spatial_lag_queen,spatial_lag_knn4,spatial_lag_knn8
130100,石家庄市,130000,河北省,100000,中华人民共和国,石家庄市,130100,3742.0,-0.15220783449244496,0.402,4,0,Not significant,0.2771973374871171,0.436,0,Not significant,818.3333333333333,1086.0,1034.0
130200,唐山市,130000,河北省,100000,中华人民共和国,唐山市,130200,1805.0,-0.04190257558356668,0.307,4,0,Not significant,-0.11243553509594396,0.334,0,Not significant,378.0,581.25,735.25
130300,秦皇岛市,130000,河北省,100000,中华人民共和国,秦皇岛市,130300,450.0,0.08618633150332311,0.348,3,0,Not significant,-0.29538324710695435,0.367,0,Not significant,616.75,616.75,738.625
130400,邯郸市,130000,河北省,100000,中华人民共和国,邯郸市,130400,1243.0,0.018072279746363492,0.231,3,0,Not significant,-0.17586287175732,0.251,0,Not significant,553.0,457.75,962.125
130500,邢台市,130000,河北省,100000,中华人民共和国,邢台市,130500,1029.0,0.001910537634752131,0.37,3,0,Not significant,-0.07367438491399202,0.345,0,Not significant,1390.4999999999998,1720.75,984.375
130600,保定市,130000,河北省,100000,中华人民共和国,保定市,130600,2145.0,-0.017369379969528885,0.428,4,0,Not significant,0.079017152936567,0.401,0,Not significant,1206.1428571428569,1573.0,1186.5
130700,张家口市,130000,河北省,100000,中华人民共和国,张家口市,130700,408.0,0.08373678388466985,0.389,3,0,Not significant,-0.29312969186381754,0.407,0,Not significant,672.5,1005.25,1195.875
130800,承德市,130000,河北省,100000,中华人民共和国,承德市,130800,306.0,0.0998011688649631,0.293,3,0,Not significant,-0.3203526392009094,0.341,0,Not significant,608.4000000000001,961.75,773.0
130900,沧州市,130000,河北省,100000,中华人民共和国,沧州市,130900,1573.0,-0.0021394695562751993,0.372,4,0,Not significant,-0.0009542059045537865,0.34,0,Not significant,1290.2,1076.5,1936.5
131000,廊坊市,130000,河北省,100000,中华人民共和国,廊坊市,131000,1441.0,0.0002948720543760154,0.189,1,0,Not significant,0.07063509811014657,0.177,0,Not significant,1859.0,1625.75,1137.75
131100,衡水市,130000,河北省,100000,中华人民共和国,衡水市,131100,980.0,-0.02316455417739296,0.269,2,0,Not significant,0.0035365150890423486,0.235,0,Not significant,1910.6000000000001,1146.0,1644.375
140100,太原市,140000,山西省,100000,中华人民共和国,太原市,140100,2160.0,-0.0937224192510705,0.057,4,0,Not significant,-0.07887804883905314,0.061,-1,Cold spot 90%,227.75,227.75,659.25
140200,大同市,140000,山西省,100000,中华人民共和国,大同市,140200,129.0,0.11791408112753361,0.29,3,0,Not significant,-0.35224659195104835,0.315,0,Not significant,590.8000000000001,711.0,935.625
140300,阳泉市,140000,山西省,100000,中华人民共和国,阳泉市,140300,190.0,-0.024312340557045564,0.283,2,0,Not significant,-0.17406002756281064,0.267,0,Not significant,1617.0,1617.0,1148.0
140400,长治市,140000,山西省,100000,中华人民共和国,长治市,140400,323.0,0.10419562018602008,0.237,3,0,Not significant,-0.3256901506495025,0.252,0,Not significant,558.8333333333333,392.5,662.5
140500,晋城市,140000,山西省,100000,中华人民共和国,晋城市,140500,209.0,0.12952768753341848,0.184,3,0,Not significant,-0.36267030929384814,0.192,0,Not significant,447.20000000000005,1804.5,1201.25
140600,朔州市,140000,山西省,100000,中华人民共和国,朔州市,140600,121.0,0.1662762890253637,0.066,3,0,Not significant,-0.4090853525561265,0.069,-1,Cold spot 90%,252.0,764.5,937.0
140700,晋中市,140000,山西省,100000,中华人民共和国,晋中市,140700,396.0,0.03414548439470176,0.487,3,0,Not significant,-0.22054472616896767,0.456,0,Not significant,1127.375,710.75,1024.0
140800,运城市,140000,山西省,100000,中华人民共和国,运城市,140800,333.0,0.11668120048498055,0.184,3,0,Not significant,-0.34270790721282596,0.194,0,Not significant,445.0,504.0,387.625
140900,忻州市,140000,山西省,100000,中华人民共和国,忻州市,140900,170.0,0.05582700023824263,0.412,3,0,Not significant,-0.2748390180358859,0.452,0,Not significant,1022.1,716.75,936.5
141000,临汾市,140000,山西省,100000,中华人民共和国,临汾市,141000,177.0,0.1582641997348404,0.019,3,3,Low-Low,-0.3987833857303585,0.031,-2,Cold spot 95%,258.85714285714283,255.0,474.375
141100,吕梁市,140000,山西省,100000,中华人民共和国,吕梁市,141100,155.0,0.10713734035855363,0.294,3,0,Not significant,-0.3379003226941343,0.327,0,Not significant,652.3333333333334,789.25,553.375
150100,呼和浩特市,150000,内蒙古自治区,100000,中华人民共和国,呼和浩特市,150100,599.0,0.10896869817619655,0.031,3,3,Low-Low,-0.3366110159368487,0.032,-2,Cold spot 95%,216.2,187.75,440.625
150200,包头市,150000,内蒙古自治区,100000,中华人民共和国,包头市,150200,350.0,0.13345612635844759,0.09,3,0,Not significant,-0.36614488174144816,0.087,-1,Cold spot 90%,285.0,285.0,276.25
150300,乌海市,150000,内蒙古自治区,100000,中华人民共和国,乌海市,150300,58.0,0.17616705002735064,0.195,3,0,Not significant,-0.4215413669909187,0.196,0,Not significant,239.0,163.25,188.5
150400,赤峰市,150000,内蒙古自治区,100000,中华人民共和国,赤峰市,150400,151.0,0.1690738783819503,0.073,3,0,Not significant,-0.4120354612380509,0.084,-1,Cold spot 90%,204.0,185.0,422.875
150500,通辽市,150000,内蒙古自治区,100000,中华人民共和国,通辽市,150500,78.0,0.08560648463538661,0.388,3,0,Not significant,-0.31894314283065667,0.395,0,Not significant,845.0,1578.75,875.875
150600,鄂尔多斯市,150000,内蒙古自治区,100000,中华人民共和国,鄂尔多斯市,150600,330.0,0.14004249032466498,0.008,3,3,Low-Low,-0.37514089216657587,0.011,-2,Cold spot 95%,250.11111111111111,239.25,230.375
150700,呼伦贝尔市,150000,内蒙古自治区,100000,中华人民共和国,呼伦贝尔市,150700,53.0,0.1909306751890022,0.088,3,0,Not significant,-0.43801280713166363,0.098,-1,Cold spot 90%,143.5,258.5,180.75
150800,巴彦淖尔市,150000,内蒙古自治区,100000,中华人民共和国,巴彦淖尔市,150800,101.0,0.15624572864713612,0.29,3,0,Not significant,-0.39794049753552296,0.297,0,Not significant,340.0,221.5,288.75
150900,乌兰察布市,150000,内蒙古自治区,100000,中华人民共和国,乌兰察布市,150900,110.0,0.15782851287172295,0.092,3,0,Not significant,-0.39951388883254935,0.096,-1,Cold spot 90%,321.40000000000003,299.75,515.875
210100,沈阳市,210000,辽宁省,100000,中华人民共和国,沈阳市,210100,5902.0,-0.5871168088387824,0.007,4,4,High-Low,0.5309954605512902,0.012,2,Hot spot 95%,206.875,251.25,227.125
210200,大连市,210000,辽宁省,100000,中华人民共和国,大连市,210200,5300.0,-0.421878862358657,0.339,4,0,Not significant,0.46644134626834594,0.358,0,Not significant,415.0,290.5,1158.25
210300,鞍山市,210000,辽宁省,100000,中华人民共和国,鞍山市,210300,481.0,-0.06166886457404545,0.23,2,0,Not significant,-0.057257576415504975,0.224,0,Not significant,2038.6666666666667,1671.75,1565.125
210400,抚顺市,210000,辽宁省,100000,中华人民共和国,抚顺市,210400,181.0,-0.01959023316882073,0.29,2,0,Not significant,-0.18151724673100858,0.276,0,Not significant,1580.5,192.25,927.625
210500,本溪市,210000,辽宁省,100000,中华人民共和国,本溪市,210500,146.0,0.012567546280075772,0.356,3,0,Not significant,-0.22611305630610004,0.33,0,Not significant,1343.4,227.75,932.0
210600,丹东市,210000,辽宁省,100000,中华人民共和国,丹东市,210600,349.0,0.022324304568997044,0.383,3,0,Not significant,-0.20939577377519475,0.363,0,Not significant,1242.4,251.0,1560.0
210700,锦州市,210000,辽宁省,100000,中华人民共和国,锦州市,210700,245.0,0.0315176935847857,0.405,3,0,Not significant,-0.23552062510290378,0.4,0,Not significant,1186.9999999999998,273.0,1577.25
210900,阜新市,210000,辽宁省,100000,中华人民共和国,阜新市,210900,143.0,-0.024712049831502547,0.282,2,0,Not significant,-0.18237769509656987,0.27,0,Not significant,1613.25,1616.25,944.375
211000,辽阳市,210000,辽宁省,100000,中华人民共和国,辽阳市,211000,196.0,-0.037784991635992804,0.265,2,0,Not significant,-0.15627742800787703,0.245,0,Not significant,1719.5,1743.0,960.875
211100,盘锦市,210000,辽宁省,100000,中华人民共和国,盘锦市,211100,240.0,0.13701818461667323,0.299,3,0,Not significant,-0.37138951939820275,0.31,0,Not significant,363.0,266.25,1577.875
211200,铁岭市,210000,辽宁省,100000,中华人民共和国,铁岭市,211200,185.0,-0.016584964551478107,0.293,2,0,Not significant,-0.18446735541293308,0.277,0,Not significant,1558.5,1575.5,1287.875
211300,朝阳市,210000,辽宁省,100000,中华人民共和国,朝阳市,211300,228.0,0.15758391240620323,0.01,3,3,Low-Low,-0.39770636192584635,0.018,-2,Cold spot 95%,214.4285714285714,265.75,433.5
211400,葫芦岛市,210000,辽宁省,100000,中华人民共和国,葫芦岛市,211400,128.0,0.15760442833473523,0.157,3,0,Not significant,-0.3988146038116487,0.179,0,Not significant,307.66666666666663,290.75,1089.625
220100,长春市,220000,吉林省,100000,中华人民共和国,长春市,220100,3367.0,-0.11797286240441261,0.498,4,0,Not significant,0.2232622486680444,0.47,0,Not significant,864.25,150.25,579.25
220200,吉林市,220000,吉林省,100000,中华人民共和国,吉林市,220200,290.0,0.013588956791194375,0.36,3,0,Not significant,-0.20575730640082124,0.329,0,Not significant,1323.6000000000001,1636.25,879.625
220300,四平市,220000,吉林省,100000,中华人民共和国,四平市,220300,73.0,0.09326789150166878,0.427,3,0,Not significant,-0.3280229217739131,0.444,0,Not significant,794.6000000000001,946.5,1243.5
220500,通化市,220000,吉林省,100000,中华人民共和国,通化市,220500,89.0,0.1774138382692771,0.023,3,3,Low-Low,-0.4223936206101413,0.03,-2,Cold spot 95%,202.79999999999998,166.25,579.875
220600,白山市,220000,吉林省,100000,中华人民共和国,白山市,220600,48.0,0.1847940257779917,0.133,3,0,Not significant,-0.4312931151339468,0.153,0,Not significant,189.5,981.75,585.0
220700,松原市,220000,吉林省,100000,中华人民共和国,松原市,220700,53.0,0.03206962577904153,0.399,3,0,Not significant,-0.26196233995570817,0.388,0,Not significant,1217.6666666666665,1046.75,634.875
220800,白城市,220000,吉林省,100000,中华人民共和国,白城市,220800,25.0,0.17537333224816878,0.076,3,0,Not significant,-0.4215003932592253,0.08,-1,Cold spot 90%,272.25,231.5,607.125
230100,哈尔滨市,230000,黑龙江省,100000,中华人民共和国,哈尔滨市,230100,3041.0,-0.1424414465117145,0.221,4,0,Not significant,0.12754761143227275,0.231,0,Not significant,606.25,955.0,585.75
230200,齐齐哈尔市,230000,黑龙江省,100000,中华人民共和国,齐齐哈尔市,230200,236.0,0.15887778462933225,0.019,3,3,Low-Low,-0.39938277289113044,0.026,-2,Cold spot 95%,196.2,232.5,930.25
230300,鸡西市,230000,黑龙江省,100000,中华人民共和国,鸡西市,230300,83.0,0.19958880164804524,0.034,3,3,Low-Low,-0.4476006603479181,0.029,-2,Cold spot 95%,55.0,81.0,479.125
230400,鹤岗市,230000,黑龙江省,100000,中华人民共和国,鹤岗市,230400,36.0,0.197322377543565,0.049,3,3,Low-Low,-0.44522418390970125,0.055,-1,Cold spot 90%,116.5,92.75,485.375
230600,大庆市,230000,黑龙江省,100000,中华人民共和国,大庆市,230600,722.0,0.05625375408080556,0.366,3,0,Not significant,-0.23765125915096022,0.392,0,Not significant,697.0000000000001,111.0,901.875
230700,伊春市,230000,黑龙江省,100000,中华人民共和国,伊春市,230700,33.0,0.11146145941819693,0.36,3,0,Not significant,-0.35145989630253516,0.388,0,Not significant,691.6000000000001,795.75,479.0
230800,佳木斯市,230000,黑龙江省,100000,中华人民共和国,佳木斯市,230800,200.0,0.085010704460915,0.459,3,0,Not significant,-0.3077573140783597,0.488,0,Not significant,791.25,51.75,464.875
230900,七台河市,230000,黑龙江省,100000,中华人民共和国,七台河市,230900,55.0,0.0482185817703076,0.373,3,0,Not significant,-0.2796083604049971,0.352,0,Not significant,1108.0,88.0,483.0
231100,黑河市,230000,黑龙江省,100000,中华人民共和国,黑河市,231100,51.0,0.1957243309320076,0.006,3,3,Low-Low,-0.443339392251805,0.007,-3,Cold spot 99%,113.0,280.25,952.25
231200,绥化市,230000,黑龙江省,100000,中华人民共和国,绥化市,231200,130.0,0.08629092051153704,0.438,3,0,Not significant,-0.31507522255880016,0.462,0,Not significant,816.6000000000001,1012.5,974.125
320100,南京市,320000,江苏省,100000,中华人民共和国,南京市,320100,10500.0,0.12411255746680071,0.297,1,0,Not significant,1.5067480044709773,0.268,0,Not significant,1562.4000000000003,1740.25,2430.5
320200,无锡市,320000,江苏省,100000,中华人民共和国,无锡市,320200,7341.0,2.3892835288966934,0.024,1,1,High-High,1.5873597242045632,0.031,2,Hot spot 95%,5213.25,5404.75,4944.0
320300,徐州市,320000,江苏省,100000,中华人民共和国,徐州市,320300,1796.0,-0.017482164992630018,0.478,4,0,Not significant,-0.014795132470582808,0.471,0,Not significant,982.75,639.5,989.5
320500,苏州市,320000,江苏省,100000,中华人民共和国,苏州市,320500,17486.0,2.6123590585692438,0.115,1,0,Not significant,2.879925258950752,0.109,0,Not significant,2954.8,3144.25,2750.125
320600,南通市,320000,江苏省,100000,中华人民共和国,南通市,320600,4339.0,1.8885270639751877,0.018,1,1,High-High,1.4714996688862059,0.014,2,Hot spot 95%,7508.333333333332,7466.5,4362.0
320700,连云港市,320000,江苏省,100000,中华人民共和国,连云港市,320700,790.0,-0.011739999945829027,0.313,2,0,Not significant,-0.07774444226220265,0.299,0,Not significant,1604.6666666666665,1247.5,1603.0
320800,淮安市,320000,江苏省,100000,中华人民共和国,淮安市,320800,954.0,-0.015004266447118768,0.276,2,0,Not significant,-0.030946977504119125,0.262,0,Not significant,1726.1999999999998,1447.25,2868.125
320900,盐城市,320000,江苏省,100000,中华人民共和国,盐城市,320900,2842.0,0.10919130367539258,0.219,1,0,Not significant,0.34945314753736345,0.209,0,Not significant,2159.2000000000003,1614.25,2583.625
321000,扬州市,320000,江苏省,100000,中华人民共和国,扬州市,321000,2516.0,0.2136222565897905,0.084,1,0,Not significant,0.47966220369474805,0.09,1,Hot spot 90%,3279.6666666666665,3817.0,3491.75
321100,镇江市,320000,江苏省,100000,中华人民共和国,镇江市,321100,1617.0,0.07104120107852334,0.063,1,0,Not significant,0.6259111100190408,0.068,1,Hot spot 90%,5071.0,5638.5,5321.625
321200,泰州市,320000,江苏省,100000,中华人民共和国,泰州市,321200,2197.0,0.37457775221033046,0.008,1,1,High-High,0.8770800852995543,0.003,3,Hot spot 99%,6023.5,3579.0,5949.375
321300,宿迁市,320000,江苏省,100000,中华人民共和国,宿迁市,321300,915.0,0.01761179607569285,0.424,3,0,Not significant,-0.13704708993311013,0.42,0,Not significant,1117.8333333333333,1277.0,1410.625
330100,杭州市,330000,浙江省,100000,中华人民共和国,杭州市,330100,16335.0,-0.20316684496938858,0.368,4,0,Not significant,2.421239551457819,0.368,0,Not significant,1307.142857142857,1778.75,1273.875
330200,宁波市,330000,浙江省,100000,中华人民共和国,宁波市,330200,8855.0,0.15985860186987474,0.268,1,0,Not significant,1.2491625428072777,0.26,0,Not significant,1635.75,1635.75,5441.75
330300,温州市,330000,浙江省,100000,中华人民共和国,温州市,330300,4772.0,-0.044485560019998524,0.301,4,0,Not significant,0.5265907843942503,0.291,0,Not significant,1309.9999999999998,1695.25,4509.875
330400,嘉兴市,330000,浙江省,100000,中华人民共和国,嘉兴市,330400,578.0,-0.7136536871171559,0.001,2,2,Low-High,1.1352637634459772,0.001,3,Hot spot 99%,9217.8,7438.5,7256.5
330500,湖州市,330000,浙江省,100000,中华人民共和国,湖州市,330500,319.0,-0.8459111548735916,0.001,2,2,Low-High,0.9781540866408226,0.001,3,Hot spot 99%,8518.200000000003,10435.0,7225.25
330600,绍兴市,330000,浙江省,100000,中华人民共和国,绍兴市,330600,3094.0,0.8539449223997321,0.009,1,1,High-High,1.0598065391594207,0.008,3,Hot spot 99%,6241.400000000001,3718.0,6161.875
330700,金华市,330000,浙江省,100000,中华人民共和国,金华市,330700,2851.0,0.5125155309223899,0.032,1,1,High-High,0.7861020114475393,0.036,2,Hot spot 95%,4814.400000000001,5764.5,4752.25
330800,衢州市,330000,浙江省,100000,中华人民共和国,衢州市,330800,1014.0,-0.09718196739273231,0.061,2,0,Not significant,0.2849003990454751,0.07,1,Hot spot 90%,3593.3333333333335,4615.25,2751.125
330900,舟山市,330000,浙江省,100000,中华人民共和国,舟山市,330900,283.0,-0.9147281098756842,0.035,2,2,Low-High,1.0274536806143155,0.035,2,Hot spot 95%,8855.0,3778.75,5013.75
331000,台州市,330000,浙江省,100000,中华人民共和国,台州市,331000,2588.0,0.33193151220087364,0.047,1,1,High-High,0.6296151353641236,0.056,1,Hot spot 90%,4122.6,4893.0,4726.125
331100,丽水市,330000,浙江省,100000,中华人民共和国,丽水市,331100,1041.0,-0.022234944343588824,0.239,2,0,Not significant,0.022012936500650667,0.241,0,Not significant,1962.3333333333333,2234.5,3900.375
340100,合肥市,340000,安徽省,100000,中华人民共和国,合肥市,340100,10130.0,-0.32800622173356786,0.447,4,0,Not significant,1.367395172303691,0.436,0,Not significant,1082.142857142857,1072.75,1073.875
340200,芜湖市,340000,安徽省,100000,中华人民共和国,芜湖市,340200,2094.0,0.12420062261600302,0.109,1,0,Not significant,0.39641723880433316,0.124,0,Not significant,3193.75,3193.75,3362.875
340300,蚌埠市,340000,安徽省,100000,中华人民共和国,蚌埠市,340300,1016.0,0.03216839720581056,0.341,3,0,Not significant,-0.18627019960744248,0.368,0,Not significant,716.4999999999999,733.5,2028.125
340400,淮南市,340000,安徽省,100000,中华人民共和国,淮南市,340400,403.0,-0.11493223853263769,0.163,2,0,Not significant,0.001526070653952935,0.173,0,Not significant,2475.3333333333335,3120.25,1976.875
340500,马鞍山市,340000,安徽省,100000,中华人民共和国,马鞍山市,340500,1260.0,-0.06714336508576968,0.032,2,2,Low-High,0.5604514762656724,0.036,2,Hot spot 95%,5028.6,6073.0,3726.25
340600,淮北市,340000,安徽省,100000,中华人民共和国,淮北市,340600,380.0,0.06792513308820201,0.449,3,0,Not significant,-0.2714463930516727,0.473,0,Not significant,832.8000000000001,961.25,756.25
340700,铜陵市,340000,安徽省,100000,中华人民共和国,铜陵市,340700,534.0,-0.2812160061708749,0.077,2,0,Not significant,0.33051782033078897,0.085,1,Hot spot 90%,4351.666666666666,3481.75,2086.5
340800,安庆市,340000,安徽省,100000,中华人民共和国,安庆市,340800,831.0,-0.08095776650172769,0.143,2,0,Not significant,0.10646252910285155,0.155,0,Not significant,2687.6,3166.75,1874.75
341000,黄山市,340000,安徽省,100000,中华人民共和国,黄山市,341000,443.0,-0.25192784216228997,0.059,2,0,Not significant,0.2264991734718226,0.075,1,Hot spot 90%,3808.0,649.25,2812.375
341100,滁州市,340000,安徽省,100000,中华人民共和国,滁州市,341100,1568.0,0.028969548694292337,0.058,1,0,Not significant,0.35413234769674923,0.069,1,Hot spot 90%,3461.75,5726.5,3409.0
341200,阜阳市,340000,安徽省,100000,中华人民共和国,阜阳市,341200,803.0,0.06580196414475044,0.164,3,0,Not significant,-0.2630276569797365,0.19,0,Not significant,461.1666666666667,393.0,433.25
341300,宿州市,340000,安徽省,100000,中华人民共和国,宿州市,341300,583.0,0.05407125999220764,0.446,3,0,Not significant,-0.23677715287483445,0.449,0,Not significant,841.3333333333333,968.0,744.875
341500,六安市,340000,安徽省,100000,中华人民共和国,六安市,341500,885.0,-0.04925615109090929,0.192,2,0,Not significant,0.047170807760395464,0.191,0,Not significant,2271.8333333333335,3120.5,1826.875
341600,亳州市,340000,安徽省,100000,中华人民共和国,亳州市,341600,450.0,0.0933267108431779,0.23,3,0,Not significant,-0.3064871283958645,0.252,0,Not significant,549.0,521.25,709.125
341800,宣城市,340000,安徽省,100000,中华人民共和国,宣城市,341800,851.0,-0.2520968275994166,0.011,2,2,Low-High,0.5658084990150717,0.005,3,Hot spot 99%,5470.285714285714,5002.0,4137.75
350100,福州市,350000,福建省,100000,中华人民共和国,福州市,350100,4678.0,-0.19420356960772167,0.496,4,0,Not significant,0.4399231471163806,0.5,0,Not significant,875.2,1014.5,1862.375
350200,厦门市,350000,福建省,100000,中华人民共和国,厦门市,350200,4710.0,0.20301953626668898,0.174,1,0,Not significant,0.6317293799195028,0.154,0,Not significant,2013.5,1242.0,1382.125
350300,莆田市,350000,福建省,100000,中华人民共和国,莆田市,350300,409.0,-0.26945907822174364,0.101,2,0,Not significant,0.23420223503018092,0.1,0,Not significant,3889.0,3197.25,1851.75
350400,三明市,350000,福建省,100000,中华人民共和国,三明市,350400,318.0,-0.03223026829286569,0.294,2,0,Not significant,-0.13879530248536182,0.283,0,Not significant,1704.1666666666665,1100.25,1806.125
350500,泉州市,350000,福建省,100000,中华人民共和国,泉州市,350500,3100.0,0.08816369217448826,0.247,1,0,Not significant,0.35400942650166894,0.24,0,Not significant,1929.0,2681.0,1518.0
350600,漳州市,350000,福建省,100000,中华人民共和国,漳州市,350600,927.0,-0.018987612444562527,0.262,2,0,Not significant,-0.02589901375949286,0.256,0,Not significant,1784.0000000000002,2166.0,1321.25
350700,南平市,350000,福建省,100000,中华人民共和国,南平市,350700,248.0,0.04302854124252762,0.473,3,0,Not significant,-0.24998435239067224,0.487,0,Not significant,1095.75,378.0,1095.75
350800,龙岩市,350000,福建省,100000,中华人民共和国,龙岩市,350800,532.0,0.027545961458069756,0.402,3,0,Not significant,-0.19464523036557238,0.383,0,Not significant,1149.4,455.75,1443.75
350900,宁德市,350000,福建省,100000,中华人民共和国,宁德市,350900,301.0,-0.15170859334749362,0.149,2,0,Not significant,0.01913111737154859,0.16,0,Not significant,2684.75,2684.75,2264.125
360100,南昌市,360000,江西省,100000,中华人民共和国,南昌市,360100,1852.0,-0.03470435958860781,0.39,4,0,Not significant,-0.05884189404098284,0.389,0,Not significant,658.0,560.25,521.125
360200,景德镇市,360000,江西省,100000,中华人民共和国,景德镇市,360200,198.0,0.11807545237623002,0.447,3,0,Not significant,-0.3488539669668353,0.469,0,Not significant,542.5,797.0,792.25
360300,萍乡市,360000,江西省,100000,中华人民共和国,萍乡市,360300,280.0,-0.16768174515283876,0.14,2,0,Not significant,0.03314413361068979,0.151,0,Not significant,2791.25,2659.0,1800.875
360400,九江市,360000,江西省,100000,中华人民共和国,九江市,360400,771.0,0.032674412715115994,0.472,3,0,Not significant,-0.1841395655593859,0.455,0,Not significant,974.5,968.75,842.125
360500,新余市,360000,江西省,100000,中华人民共和国,新余市,360500,169.0,0.10750045476281694,0.477,3,0,Not significant,-0.33746326955607137,0.452,0,Not significant,641.0,853.5,1823.625
360600,鹰潭市,360000,江西省,100000,中华人民共和国,鹰潭市,360600,251.0,0.12215768385716234,0.31,3,0,Not significant,-0.3519952863966622,0.327,0,Not significant,470.3333333333333,803.25,654.5
360700,赣州市,360000,江西省,100000,中华人民共和国,赣州市,360700,1146.0,0.030048014947845952,0.115,3,0,Not significant,-0.20673657858829342,0.119,0,Not significant,461.625,431.75,443.0
360800,吉安市,360000,江西省,100000,中华人民共和国,吉安市,360800,584.0,0.06847575166795328,0.301,3,0,Not significant,-0.26265694226441516,0.331,0,Not significant,682.4285714285714,605.25,828.625
360900,宜春市,360000,江西省,100000,中华人民共和国,宜春市,360900,698.0,-0.022686596129131376,0.287,2,0,Not significant,-0.07355146371891177,0.287,0,Not significant,1722.25,768.0,730.0
361000,抚州市,360000,江西省,100000,中华人民共和国,抚州市,361000,521.0,0.07013046796305825,0.304,3,0,Not significant,-0.2672547802994384,0.312,0,Not significant,717.375,647.5,595.25
361100,上饶市,360000,江西省,100000,中华人民共和国,上饶市,361100,642.0,0.06551803050882145,0.262,3,0,Not significant,-0.2564582019982287,0.28,0,Not significant,662.25,476.5,669.75
370100,济南市,370000,山东省,100000,中华人民共和国,济南市,370100,7188.0,-0.1975315992989829,0.399,4,0,Not significant,0.8904047428462466,0.382,0,Not significant,1113.8,1162.75,1379.25
370200,青岛市,370000,山东省,100000,中华人民共和国,青岛市,370200,8628.0,0.3897759686323923,0.207,1,0,Not significant,1.2619326891850526,0.195,0,Not significant,1940.6666666666665,1689.25,1635.75
370300,淄博市,370000,山东省,100000,中华人民共和国,淄博市,370300,1752.0,0.031993252316006617,0.179,1,0,Not significant,0.20631278165754294,0.183,0,Not significant,2375.8333333333335,2794.75,2047.25
370400,枣庄市,370000,山东省,100000,中华人民共和国,枣庄市,370400,680.0,-0.037275057148823926,0.223,2,0,Not significant,-0.04802482887392636,0.205,0,Not significant,1895.9999999999998,1567.75,1150.25
370500,东营市,370000,山东省,100000,中华人民共和国,东营市,370500,935.0,-0.008991826377969614,0.258,2,0,Not significant,-0.05430746773358035,0.248,0,Not significant,1602.6666666666665,2999.0,3133.25
370600,烟台市,370000,山东省,100000,中华人民共和国,烟台市,370600,2528.0,0.323257879105032,0.08,1,0,Not significant,0.6318113273828897,0.085,1,Hot spot 90%,4196.0,3380.75,2806.875
370700,潍坊市,370000,山东省,100000,中华人民共和国,潍坊市,370700,2235.0,0.1193555076992354,0.124,1,0,Not significant,0.359472590727455,0.14,0,Not significant,2827.333333333333,3093.5,3121.625
370800,济宁市,370000,山东省,100000,中华人民共和国,济宁市,370800,1830.0,-0.015707699930055042,0.448,4,0,Not significant,0.004011810376685493,0.431,0,Not significant,1063.5,1028.0,1593.0
370900,泰安市,370000,山东省,100000,中华人民共和国,泰安市,370900,1014.0,-0.04013894469583912,0.184,2,0,Not significant,0.07721821100221872,0.186,0,Not significant,2326.1666666666665,2862.5,2014.5
371000,威海市,370000,山东省,100000,中华人民共和国,威海市,371000,1725.0,0.034004426429323886,0.142,1,0,Not significant,0.22682696332536972,0.111,0,Not significant,2528.0,4672.75,2744.5
371100,日照市,370000,山东省,100000,中华人民共和国,日照市,371100,1059.0,-0.08016619958511409,0.102,2,0,Not significant,0.26530129738546804,0.114,0,Not significant,3428.75,3428.75,2357.25
371300,临沂市,370000,山东省,100000,中华人民共和国,临沂市,371300,2062.0,-0.002687677904902055,0.383,4,0,Not significant,0.09628465415021208,0.382,0,Not significant,1394.5,1081.25,1280.125
371400,德州市,370000,山东省,100000,中华人民共和国,德州市,371400,1064.0,-0.02579414810085738,0.217,2,0,Not significant,0.04585964834620687,0.217,0,Not significant,2084.8333333333335,2664.75,1909.375
371500,聊城市,370000,山东省,100000,中华人民共和国,聊城市,371500,918.0,-0.028917685428811943,0.241,2,0,Not significant,0.0010617016947612413,0.237,0,Not significant,1957.4999999999998,828.5,1668.375
371600,滨州市,370000,山东省,100000,中华人民共和国,滨州市,371600,821.0,-0.07013581936376498,0.16,2,0,Not significant,0.07447023939664853,0.168,0,Not significant,2502.4000000000005,2734.75,2092.625
371700,菏泽市,370000,山东省,100000,中华人民共和国,菏泽市,371700,622.0,0.05082849120532823,0.426,3,0,Not significant,-0.22894141447099262,0.435,0,Not significant,850.142857142857,672.25,652.0
410100,郑州市,410000,河南省,100000,中华人民共和国,郑州市,410100,5492.0,-0.3086891984186911,0.373,4,0,Not significant,0.5485253887607813,0.386,0,Not significant,723.8333333333333,597.5,413.75
410200,开封市,410000,河南省,100000,中华人民共和国,开封市,410200,333.0,0.007253259985488249,0.342,3,0,Not significant,-0.19061341516694238,0.347,0,Not significant,1373.0,1824.25,1077.0
410300,洛阳市,410000,河南省,100000,中华人民共和国,洛阳市,410300,1620.0,-0.0030283826039125238,0.365,4,0,Not significant,0.005404917254260963,0.369,0,Not significant,1282.0,420.0,1056.25
410400,平顶山市,410000,河南省,100000,中华人民共和国,平顶山市,410400,438.0,-0.005634960146377822,0.324,2,0,Not significant,-0.15466579456127025,0.319,0,Not significant,1487.3333333333333,1748.5,1222.125
410500,安阳市,410000,河南省,100000,中华人民共和国,安阳市,410500,445.0,0.09250836041374504,0.273,3,0,Not significant,-0.3053070849230946,0.287,0,Not significant,561.2,620.75,623.375
410600,鹤壁市,410000,河南省,100000,中华人民共和国,鹤壁市,410600,150.0,0.10595174083102447,0.469,3,0,Not significant,-0.336807689848977,0.452,0,Not significant,664.0,694.5,1218.125
410700,新乡市,410000,河南省,100000,中华人民共和国,新乡市,410700,883.0,0.030238919136845035,0.425,3,0,Not significant,-0.17433318577409995,0.427,0,Not significant,922.3333333333333,1605.0,1117.375
410800,焦作市,410000,河南省,100000,中华人民共和国,焦作市,410800,520.0,-0.06035394435260441,0.21,2,0,Not significant,-0.048844303507794354,0.216,0,Not significant,2051.0,1783.25,1208.0
410900,濮阳市,410000,河南省,100000,中华人民共和国,濮阳市,410900,207.0,0.057942323556965776,0.493,3,0,Not significant,-0.27345059387050397,0.482,0,Not significant,993.5714285714284,533.75,702.875
411000,许昌市,410000,河南省,100000,中华人民共和国,许昌市,411000,549.0,0.0058498962690014,0.33,3,0,Not significant,-0.15524488996920346,0.319,0,Not significant,1372.7999999999997,1622.75,1072.125
411100,漯河市,410000,河南省,100000,中华人民共和国,漯河市,411100,228.0,0.13135552923192162,0.199,3,0,Not significant,-0.3644239850103255,0.203,0,Not significant,417.5,417.5,1112.25
411200,三门峡市,410000,河南省,100000,中华人民共和国,三门峡市,411200,184.0,0.11474030752139316,0.29,3,0,Not significant,-0.3454285629972674,0.292,0,Not significant,577.4,540.5,551.125
411300,南阳市,410000,河南省,100000,中华人民共和国,南阳市,411300,725.0,0.057375632189308114,0.258,3,0,Not significant,-0.24009147250514468,0.258,0,Not significant,679.1111111111111,1047.75,682.75
411400,商丘市,410000,河南省,100000,中华人民共和国,商丘市,411400,319.0,0.11675109853322387,0.149,3,0,Not significant,-0.34306301288750213,0.176,0,Not significant,456.8333333333333,456.25,671.75
411500,信阳市,410000,河南省,100000,中华人民共和国,信阳市,411500,346.0,0.08295974032247164,0.322,3,0,Not significant,-0.2950847242046166,0.36,0,Not significant,722.5714285714284,771.0,2650.75
411600,周口市,410000,河南省,100000,中华人民共和国,周口市,411600,373.0,0.11444081486162604,0.11,3,0,Not significant,-0.33903197814090413,0.119,0,Not significant,427.4285714285714,297.5,417.25
411700,驻马店市,410000,河南省,100000,中华人民共和国,驻马店市,411700,310.0,0.11424215283425834,0.173,3,0,Not significant,-0.3398397459942883,0.2,0,Not significant,485.5,374.0,400.125
420100,武汉市,420000,湖北省,100000,中华人民共和国,武汉市,420100,16500.0,-0.8762939165361175,0.473,4,0,Not significant,2.380105827097813,0.493,0,Not significant,891.1666666666665,882.25,690.125
420200,黄石市,420000,湖北省,100000,中华人民共和国,黄石市,420200,919.0,-0.13649106473121722,0.06,2,0,Not significant,0.32086987230805086,0.068,1,Hot spot 90%,3907.7999999999997,759.75,2865.0
420300,十堰市,420000,湖北省,100000,中华人民共和国,十堰市,420300,907.0,0.034955967832747015,0.473,3,0,Not significant,-0.18790914887517826,0.5,0,Not significant,815.5,1075.0,858.0
420500,宜昌市,420000,湖北省,100000,中华人民共和国,宜昌市,420500,1763.0,-0.009257607560320276,0.361,4,0,Not significant,0.01069052864270911,0.355,0,Not significant,1171.25,950.0,830.5
420600,襄阳市,420000,湖北省,100000,中华人民共和国,襄阳市,420600,2002.0,-0.03391759358222476,0.482,4,0,Not significant,0.0015042179970499235,0.492,0,Not significant,876.2,868.5,872.375
420700,鄂州市,420000,湖北省,100000,中华人民共和国,鄂州市,420700,406.0,-0.5223839126947895,0.035,2,2,Low-High,0.609029932561362,0.031,2,Hot spot 95%,6179.0,4820.25,2789.375
420800,荆门市,420000,湖北省,100000,中华人民共和国,荆门市,420800,855.0,0.013853620253114885,0.382,3,0,Not significant,-0.13157846254309827,0.355,0,Not significant,1211.2,1073.25,3004.375
420900,孝感市,420000,湖北省,100000,中华人民共和国,孝感市,420900,1086.0,-0.08787978812869136,0.065,2,0,Not significant,0.3289335027053111,0.08,1,Hot spot 90%,3789.9999999999995,4473.0,2627.375
421000,荆州市,420000,湖北省,100000,中华人民共和国,荆州市,421000,1074.0,-0.0678049397470122,0.082,2,0,Not significant,0.22886394312955569,0.085,1,Hot spot 90%,3191.428571428571,833.25,1941.875
421100,黄冈市,420000,湖北省,100000,中华人民共和国,黄冈市,421100,1118.0,-0.043488295765076984,0.115,2,0,Not significant,0.1584827788607862,0.125,0,Not significant,2718.0,4664.0,2718.0
421200,咸宁市,420000,湖北省,100000,中华人民共和国,咸宁市,421200,744.0,-0.19342567586023648,0.05,2,0,Not significant,0.3156907926220056,0.063,1,Hot spot 90%,4051.2000000000003,4704.25,2811.25
421300,随州市,420000,湖北省,100000,中华人民共和国,随州市,421300,131.0,0.060241982241101465,0.457,3,0,Not significant,-0.28439409226678564,0.431,0,Not significant,1002.8000000000001,649.25,2756.5
430100,长沙市,430000,湖南省,100000,中华人民共和国,长沙市,430100,8609.0,-0.519256616600261,0.37,4,0,Not significant,1.0650558595283688,0.383,0,Not significant,758.4285714285713,852.5,821.5
430200,株洲市,430000,湖南省,100000,中华人民共和国,株洲市,430200,1274.0,-0.01041264348818233,0.226,2,0,Not significant,0.07301157454836346,0.218,0,Not significant,2040.4999999999998,2742.5,1638.75
430300,湘潭市,430000,湖南省,100000,中华人民共和国,湘潭市,430300,864.0,-0.08902976116614567,0.13,2,0,Not significant,0.1454121584505931,0.141,0,Not significant,2892.25,2756.75,1790.875
430400,衡阳市,430000,湖南省,100000,中华人民共和国,衡阳市,430400,1217.0,0.01236060968677928,0.468,3,0,Not significant,-0.12265165219816399,0.498,0,Not significant,903.6666666666666,861.75,1788.875
430500,邵阳市,430000,湖南省,100000,中华人民共和国,邵阳市,430500,1506.0,-0.005964049859544175,0.341,4,0,Not significant,-0.116008444499608,0.357,0,Not significant,655.2,514.75,703.25
430600,岳阳市,430000,湖南省,100000,中华人民共和国,岳阳市,430600,992.0,-0.03174615806267249,0.216,2,0,Not significant,0.03730979633285166,0.206,0,Not significant,2104.6666666666665,2789.75,1719.375
430700,常德市,430000,湖南省,100000,中华人民共和国,常德市,430700,754.0,0.04145945321094114,0.472,3,0,Not significant,-0.20480671582553445,0.496,0,Not significant,865.4000000000001,939.5,1836.5
430800,张家界市,430000,湖南省,100000,中华人民共和国,张家界市,430800,189.0,0.10306819430830207,0.467,3,0,Not significant,-0.33082552502174134,0.461,0,Not significant,661.5,954.5,865.625
430900,益阳市,430000,湖南省,100000,中华人民共和国,益阳市,430900,732.0,-0.04838081220975092,0.216,2,0,Not significant,-0.009700731830037319,0.213,0,Not significant,2077.833333333333,2674.0,1771.0
431000,郴州市,430000,湖南省,100000,中华人民共和国,郴州市,431000,689.0,0.047617648648073115,0.408,3,0,Not significant,-0.21997402062038102,0.424,0,Not significant,837.8571428571428,887.25,732.875
431100,永州市,430000,湖南省,100000,中华人民共和国,永州市,431100,620.0,0.06020866374660135,0.37,3,0,Not significant,-0.24666548012350728,0.396,0,Not significant,744.0,953.25,724.625
431200,怀化市,430000,湖南省,100000,中华人民共和国,怀化市,431200,569.0,0.07852525667276022,0.205,3,0,Not significant,-0.2807556248924121,0.218,0,Not significant,587.0,555.5,591.125
431300,娄底市,430000,湖南省,100000,中华人民共和国,娄底市,431300,469.0,-0.08423651089910747,0.202,2,0,Not significant,-0.024669801808691084,0.187,0,Not significant,2249.5,1079.75,1858.875
440100,广州市,440000,广东省,100000,中华人民共和国,广州市,440100,13727.0,4.083301596470059,0.029,1,1,High-High,2.523240729813407,0.036,2,Hot spot 95%,4537.5,12051.5,7097.625
440200,韶关市,440000,广东省,100000,中华人民共和国,韶关市,440200,438.0,-0.20608229638459405,0.074,2,0,Not significant,0.15329277284628942,0.085,1,Hot spot 90%,3366.333333333333,3839.25,4966.0
440300,深圳市,440000,广东省,100000,中华人民共和国,深圳市,440300,25700.0,14.320809579701992,0.038,1,1,High-High,4.880541461597829,0.038,2,Hot spot 95%,6947.5,7649.5,5688.75
440400,珠海市,440000,广东省,100000,中华人民共和国,珠海市,440400,2974.0,0.21234825011679237,0.151,1,0,Not significant,0.46349123758642147,0.123,0,Not significant,2723.0,10336.5,8536.0
440500,汕头市,440000,广东省,100000,中华人民共和国,汕头市,440500,771.0,0.07376505304142637,0.308,3,0,Not significant,-0.2789527806979028,0.331,0,Not significant,396.0,296.5,963.75
440600,佛山市,440000,广东省,100000,中华人民共和国,佛山市,440600,9330.0,1.7843937021230294,0.064,1,0,Not significant,1.6400382852517044,0.069,1,Hot spot 90%,3545.666666666666,5123.25,7445.25
440700,江门市,440000,广东省,100000,中华人民共和国,江门市,440700,2470.0,0.18827801362854565,0.121,1,0,Not significant,0.4480851144697048,0.124,0,Not significant,3133.0,3867.5,5114.0
440800,湛江市,440000,广东省,100000,中华人民共和国,湛江市,440800,546.0,0.1036300848191423,0.174,3,0,Not significant,-0.32418778048741126,0.209,0,Not significant,344.99999999999994,299.0,224.625
441200,肇庆市,440000,广东省,100000,中华人民共和国,肇庆市,441200,1320.0,-0.007643063950935282,0.235,2,0,Not significant,0.08341890239848594,0.213,0,Not significant,2058.0,2544.0,3682.875
441300,惠州市,440000,广东省,100000,中华人民共和国,惠州市,441300,3695.0,1.6919369456053674,0.001,1,1,High-High,1.5164068788221665,0.002,3,Hot spot 99%,8426.333333333332,12495.5,8175.0
441400,梅州市,440000,广东省,100000,中华人民共和国,梅州市,441400,256.0,0.11086985758171115,0.2,3,0,Not significant,-0.33718230682445943,0.217,0,Not significant,555.7142857142857,479.5,582.625
441500,汕尾市,440000,广东省,100000,中华人民共和国,汕尾市,441500,138.0,0.033381251290965044,0.378,3,0,Not significant,-0.25191011778026184,0.345,0,Not significant,1194.0,1322.75,5221.125
441600,河源市,440000,广东省,100000,中华人民共和国,河源市,441600,355.0,0.03465859240776353,0.42,3,0,Not significant,-0.2260802773207454,0.383,0,Not significant,1134.6,1139.75,6828.0
441700,阳江市,440000,广东省,100000,中华人民共和国,阳江市,441700,190.0,0.013590557717757773,0.289,3,0,Not significant,-0.22068813422989456,0.256,0,Not significant,1332.5,3328.75,2438.0
441800,清远市,440000,广东省,100000,中华人民共和国,清远市,441800,586.0,-0.2095337897178904,0.054,2,0,Not significant,0.23900201502855017,0.055,1,Hot spot 90%,3741.285714285714,6203.75,4495.5
441900,东莞市,440000,广东省,100000,中华人民共和国,东莞市,441900,10200.0,12.141844641820953,0.001,1,1,High-High,3.5573357702913193,0.002,3,Hot spot 99%,14373.999999999998,11524.5,7653.375
442000,中山市,440000,广东省,100000,中华人民共和国,中山市,442000,2976.0,0.9390754484298467,0.007,1,1,High-High,1.1853254688289678,0.014,2,Hot spot 95%,7125.25,12051.0,8677.0
445100,潮州市,440000,广东省,100000,中华人民共和国,潮州市,445100,322.0,0.09867201993576764,0.341,3,0,Not significant,-0.3181236681967888,0.368,0,Not significant,606.0,606.0,1019.875
445200,揭阳市,440000,广东省,100000,中华人民共和国,揭阳市,445200,470.0,0.10973223335159586,0.147,3,0,Not significant,-0.3322596056310102,0.157,0,Not significant,371.75,371.75,874.5
445300,云浮市,440000,广东省,100000,中华人民共和国,云浮市,445300,195.0,-0.1659022190102802,0.152,2,0,Not significant,0.0017664498798876755,0.157,0,Not significant,2684.8,1023.5,2073.75
450100,南宁市,450000,广西壮族自治区,100000,中华人民共和国,南宁市,450100,1517.0,-0.011771838540430726,0.002,4,4,High-Low,-0.2049659280401145,0.001,-3,Cold spot 99%,101.42857142857144,93.25,103.375
450200,柳州市,450000,广西壮族自治区,100000,中华人民共和国,柳州市,450200,587.0,0.10479073571837605,0.076,3,0,Not significant,-0.328203206193364,0.083,-1,Cold spot 90%,279.5,177.0,488.75
450300,桂林市,450000,广西壮族自治区,100000,中华人民共和国,桂林市,450300,401.0,0.10276073433744246,0.167,3,0,Not significant,-0.32161228878096915,0.18,0,Not significant,505.71428571428567,694.5,462.375
450400,梧州市,450000,广西壮族自治区,100000,中华人民共和国,梧州市,450400,114.0,0.1554495416209393,0.044,3,3,Low-Low,-0.39665275168230185,0.048,-2,Cold spot 95%,334.85714285714283,434.75,316.75
450500,北海市,450000,广西壮族自治区,100000,中华人民共和国,北海市,450500,101.0,0.1651916403210302,0.118,3,0,Not significant,-0.40821124628000066,0.156,0,Not significant,277.3333333333333,222.25,431.625
450600,防城港市,450000,广西壮族自治区,100000,中华人民共和国,防城港市,450600,57.0,0.12532158590276693,0.384,3,0,Not significant,-0.3650522488962909,0.395,0,Not significant,584.6666666666666,463.75,345.5
450700,钦州市,450000,广西壮族自治区,100000,中华人民共和国,钦州市,450700,161.0,0.14215367027663656,0.118,3,0,Not significant,-0.3796170447222365,0.129,0,Not significant,391.8,450.0,332.5
450800,贵港市,450000,广西壮族自治区,100000,中华人民共和国,贵港市,450800,159.0,0.1413664845667141,0.13,3,0,Not significant,-0.3787320121176591,0.134,0,Not significant,399.20000000000005,119.75,343.625
450900,玉林市,450000,广西壮族自治区,100000,中华人民共和国,玉林市,450900,125.0,0.17078854389610496,0.024,3,3,Low-Low,-0.4142972112275264,0.025,-2,Cold spot 95%,216.2,133.75,193.125
451000,百色市,450000,广西壮族自治区,100000,中华人民共和国,百色市,451000,109.0,0.1362941141485537,0.238,3,0,Not significant,-0.37466741793367436,0.239,0,Not significant,474.0,439.75,416.125
451100,贺州市,450000,广西壮族自治区,100000,中华人民共和国,贺州市,451100,65.0,0.12114360217902252,0.303,3,0,Not significant,-0.3598840955386973,0.301,0,Not significant,608.1999999999999,613.75,434.25
451200,河池市,450000,广西壮族自治区,100000,中华人民共和国,河池市,451200,69.0,0.12593529199821915,0.32,3,0,Not significant,-0.36499761725403307,0.335,0,Not significant,573.0,573.0,479.25
451300,来宾市,450000,广西壮族自治区,100000,中华人民共和国,来宾市,451300,79.0,0.13930627438145018,0.164,3,0,Not significant,-0.37950231827349507,0.177,0,Not significant,474.49999999999994,597.0,391.625
451400,崇左市,450000,广西壮族自治区,100000,中华人民共和国,崇左市,451400,76.0,0.1270348739465468,0.368,3,0,Not significant,-0.3658170918879009,0.381,0,Not significant,561.0,461.0,281.5
460100,海口市,460000,海南省,100000,中华人民共和国,海口市,460100,809.0,0.05949619534209577,0.456,3,0,Not significant,-0.24814053446446946,0.422,0,Not significant,546.0,240.5,480.625
510100,成都市,510000,四川省,100000,中华人民共和国,成都市,510100,14772.0,-1.7012319853440145,0.057,4,0,Not significant,1.9906641652626538,0.058,1,Hot spot 90%,243.0,255.5,309.75
510300,自贡市,510000,四川省,100000,中华人民共和国,自贡市,510300,197.0,0.15628457546847097,0.047,3,3,Low-Low,-0.3961704323263683,0.05,-1,Cold spot 90%,254.8,236.0,2051.125
510400,攀枝花市,510000,四川省,100000,中华人民共和国,攀枝花市,510400,91.0,0.19553088711481884,0.085,3,0,Not significant,-0.4430116023982579,0.105,0,Not significant,75.0,705.5,425.625
510500,泸州市,510000,四川省,100000,中华人民共和国,泸州市,510500,232.0,0.15915486577717064,0.012,3,3,Low-Low,-0.3997160259089035,0.013,-2,Cold spot 95%,198.16666666666666,269.25,317.5
510600,德阳市,510000,四川省,100000,中华人民共和国,德阳市,510600,483.0,-0.2637662904921574,0.08,2,0,Not significant,0.2684562747258594,0.086,1,Hot spot 90%,4024.0,4024.0,2108.125
510700,绵阳市,510000,四川省,100000,中华人民共和国,绵阳市,510700,961.0,0.0611579324773986,0.039,3,3,Low-Low,-0.2753470923088839,0.033,-2,Cold spot 95%,228.00000000000003,3890.75,2036.5
510800,广元市,510000,四川省,100000,中华人民共和国,广元市,510800,86.0,0.15494283370874462,0.108,3,0,Not significant,-0.39692434898952667,0.117,0,Not significant,361.20000000000005,360.75,327.75
510900,遂宁市,510000,四川省,100000,中华人民共和国,遂宁市,510900,222.0,0.13477351783505,0.129,3,0,Not significant,-0.3688983165112442,0.135,0,Not significant,396.2,267.0,2138.625
511000,内江市,510000,四川省,100000,中华人民共和国,内江市,511000,159.0,0.16825901091334589,0.033,3,3,Low-Low,-0.4110111179457161,0.037,-2,Cold spot 95%,202.25,260.0,2055.875
511100,乐山市,510000,四川省,100000,中华人民共和国,乐山市,511100,164.0,0.16025491295858052,0.068,3,0,Not significant,-0.4013413172660748,0.062,-1,Cold spot 90%,256.25,256.25,2018.375
511300,南充市,510000,四川省,100000,中华人民共和国,南充市,511300,285.0,0.13928900423413085,0.071,3,0,Not significant,-0.37391350127051587,0.077,-1,Cold spot 90%,302.6,138.0,287.0
511400,眉山市,510000,四川省,100000,中华人民共和国,眉山市,511400,239.0,-0.14792311960238513,0.163,2,0,Not significant,-0.006504780757952436,0.165,0,Not significant,2590.3333333333335,3810.5,2063.125
511500,宜宾市,510000,四川省,100000,中华人民共和国,宜宾市,511500,480.0,0.1301548355884724,0.017,3,3,Low-Low,-0.36520248591250004,0.022,-2,Cold spot 95%,160.75,159.5,155.5
511600,广安市,510000,四川省,100000,中华人民共和国,广安市,511600,111.0,0.16732965576554643,0.198,3,0,Not significant,-0.410478459433702,0.223,0,Not significant,253.5,195.25,181.875
511800,雅安市,510000,四川省,100000,中华人民共和国,雅安市,511800,109.0,-0.5142113267009941,0.062,2,0,Not significant,0.3766815580386813,0.069,1,Hot spot 90%,5058.333333333334,3843.0,2079.375
511900,巴中市,510000,四川省,100000,中华人民共和国,巴中市,511900,133.0,0.16577895948493793,0.1,3,0,Not significant,-0.40832050956451643,0.125,0,Not significant,244.66666666666666,211.25,409.5
512000,资阳市,510000,四川省,100000,中华人民共和国,资阳市,512000,141.0,-0.241008750421058,0.115,2,0,Not significant,0.07325741693852399,0.119,0,Not significant,3175.0000000000005,265.25,2058.5
520100,贵阳市,520000,贵州省,100000,中华人民共和国,贵阳市,520100,1210.0,0.031272722473347475,0.02,3,3,Low-Low,-0.2500526419434946,0.031,-2,Cold spot 95%,133.33333333333331,158.0,163.5
520200,六盘水市,520000,贵州省,100000,中华人民共和国,六盘水市,520200,69.0,0.1905466517636531,0.018,3,3,Low-Low,-0.43743917488795614,0.028,-2,Cold spot 95%,131.0,110.75,603.5
520300,遵义市,520000,贵州省,100000,中华人民共和国,遵义市,520300,241.0,0.13338989258238443,0.177,3,0,Not significant,-0.36671851398515565,0.17,0,Not significant,390.5,390.5,301.125
520400,安顺市,520000,贵州省,100000,中华人民共和国,安顺市,520400,97.0,0.14139391713625882,0.291,3,0,Not significant,-0.38105932007784404,0.286,0,Not significant,447.0,393.75,278.25
520500,毕节市,520000,贵州省,100000,中华人民共和国,毕节市,520500,62.0,0.16599979857993327,0.034,3,3,Low-Low,-0.4101155492387032,0.035,-2,Cold spot 95%,304.7142857142857,112.0,326.625
520600,铜仁市,520000,贵州省,100000,中华人民共和国,铜仁市,520600,58.0,0.1517057698006603,0.324,3,0,Not significant,-0.39433480914650415,0.331,0,Not significant,405.0,552.25,565.875
530100,昆明市,530000,云南省,100000,中华人民共和国,昆明市,530100,2463.0,-0.13867335185422883,0.046,4,4,High-Low,-0.0378633434139644,0.067,-1,Cold spot 90%,174.99999999999997,158.75,112.25
530300,曲靖市,530000,云南省,100000,中华人民共和国,曲靖市,530300,234.0,0.11359680240121314,0.247,3,0,Not significant,-0.3416262006961204,0.266,0,Not significant,550.6,661.0,397.75
530400,玉溪市,530000,云南省,100000,中华人民共和国,玉溪市,530400,241.0,0.02108292237156314,0.307,3,0,Not significant,-0.22265487335117753,0.274,0,Not significant,1269.5,711.0,395.0
530500,保山市,530000,云南省,100000,中华人民共和国,保山市,530500,81.0,0.1925669640583096,0.037,3,3,Low-Low,-0.43965175639939946,0.045,-2,Cold spot 95%,105.5,78.25,412.625
530600,昭通市,530000,云南省,100000,中华人民共和国,昭通市,530600,50.0,0.10972410291398108,0.359,3,0,Not significant,-0.348247555737773,0.381,0,Not significant,694.2,193.75,199.625
530700,丽江市,530000,云南省,100000,中华人民共和国,丽江市,530700,75.0,0.1955308871148188,0.114,3,0,Not significant,-0.4430116023982579,0.138,0,Not significant,91.0,676.5,417.5
530800,普洱市,530000,云南省,100000,中华人民共和国,普洱市,530800,76.0,0.18593410041996417,0.094,3,0,Not significant,-0.4321945372312015,0.109,0,Not significant,156.0,714.0,415.625
530900,临沧市,530000,云南省,100000,中华人民共和国,临沧市,530900,71.0,0.19793075285831582,0.014,3,3,Low-Low,-0.44571586869002194,0.02,-2,Cold spot 95%,78.5,118.25,416.25
540100,拉萨市,540000,西藏自治区,100000,中华人民共和国,拉萨市,540100,140.0,0.18756808886992818,0.102,3,0,Not significant,-0.43399738142571087,0.125,0,Not significant,81.0,79.5,95.75
610200,铜川市,610000,陕西省,100000,中华人民共和国,铜川市,610200,182.0,0.14130236634994892,0.214,3,0,Not significant,-0.37799994811140386,0.229,0,Not significant,380.66666666666663,303.0,348.75
610300,宝鸡市,610000,陕西省,100000,中华人民共和国,宝鸡市,610300,887.0,0.06773818090090779,0.058,3,0,Not significant,-0.27914945461003104,0.064,-1,Cold spot 90%,278.8,332.5,210.0
610400,咸阳市,610000,陕西省,100000,中华人民共和国,咸阳市,610400,746.0,0.0860770292133418,0.026,3,3,Low-Low,-0.30424723106329227,0.04,-2,Cold spot 95%,266.6666666666667,293.5,266.875
610500,渭南市,610000,陕西省,100000,中华人民共和国,渭南市,610500,35.0,0.16875167602065783,0.035,3,3,Low-Low,-0.41397878679836625,0.038,-2,Cold spot 95%,308.1428571428571,218.25,472.125
610600,延安市,610000,陕西省,100000,中华人民共和国,延安市,610600,361.0,0.13177416031992736,0.028,3,3,Low-Low,-0.3638737663275856,0.03,-2,Cold spot 95%,287.85714285714283,234.25,293.5
610700,汉中市,610000,陕西省,100000,中华人民共和国,汉中市,610700,363.0,0.12942461402729946,0.073,3,0,Not significant,-0.36053967524579156,0.081,-1,Cold spot 90%,306.2,366.75,339.75
610800,榆林市,610000,陕西省,100000,中华人民共和国,榆林市,610800,650.0,0.10364972319799542,0.013,3,3,Low-Low,-0.3308528408428703,0.014,-2,Cold spot 95%,200.33333333333331,255.75,450.625
610900,安康市,610000,陕西省,100000,中华人民共和国,安康市,610900,361.0,0.1095397591280348,0.312,3,0,Not significant,-0.3321640002570589,0.318,0,Not significant,481.3333333333333,394.25,428.375
611000,商洛市,610000,陕西省,100000,中华人民共和国,商洛市,611000,174.0,0.1338746434403357,0.169,3,0,Not significant,-0.3691933273794368,0.179,0,Not significant,442.40000000000003,371.75,546.0
620100,兰州市,620000,甘肃省,100000,中华人民共和国,兰州市,620100,1086.0,0.048619620492983615,0.019,3,3,Low-Low,-0.27070340271696586,0.028,-2,Cold spot 95%,131.33333333333331,156.75,127.5
620200,嘉峪关市,620000,甘肃省,100000,中华人民共和国,嘉峪关市,620200,68.0,0.18015355907187375,0.139,3,0,Not significant,-0.4258026350870318,0.165,0,Not significant,203.0,181.5,275.75
620300,金昌市,620000,甘肃省,100000,中华人民共和国,金昌市,620300,87.0,0.18014907879693817,0.054,3,0,Not significant,-0.4255294768757425,0.063,-1,Cold spot 90%,185.66666666666666,410.75,256.375
620400,白银市,620000,甘肃省,100000,中华人民共和国,白银市,620400,138.0,0.15909996570214327,0.063,3,0,Not significant,-0.4003661424517719,0.064,-1,Cold spot 90%,288.20000000000005,344.75,221.5
620500,天水市,620000,甘肃省,100000,中华人民共和国,天水市,620500,156.0,0.1566789724862762,0.09,3,0,Not significant,-0.39716199663334845,0.086,-1,Cold spot 90%,289.75,76.5,222.5
620600,武威市,620000,甘肃省,100000,中华人民共和国,武威市,620600,113.0,0.14911019799696582,0.161,3,0,Not significant,-0.38933601387990996,0.158,0,Not significant,380.5,386.0,259.125
620700,张掖市,620000,甘肃省,100000,中华人民共和国,张掖市,620700,211.0,0.1727290533449568,0.005,3,3,Low-Low,-0.41666549291940463,0.004,-3,Cold spot 99%,115.75,125.25,257.875
620800,平凉市,620000,甘肃省,100000,中华人民共和国,平凉市,620800,65.0,0.16477825786057754,0.035,3,3,Low-Low,-0.40866390845870865,0.042,-2,Cold spot 95%,310.57142857142856,286.75,277.0
620900,酒泉市,620000,甘肃省,100000,中华人民共和国,酒泉市,620900,195.0,0.17183643819645847,0.068,3,0,Not significant,-0.4153953072369094,0.082,-1,Cold spot 90%,139.5,149.75,336.375
621000,庆阳市,620000,甘肃省,100000,中华人民共和国,庆阳市,621000,70.0,0.1615334460494361,0.048,3,3,Low-Low,-0.4048787161022712,0.075,-1,Cold spot 90%,328.66666666666663,240.25,318.375
621100,定西市,620000,甘肃省,100000,中华人民共和国,定西市,621100,143.0,0.15660609049831067,0.073,3,0,Not significant,-0.3973176968137833,0.073,-1,Cold spot 90%,301.8,361.0,318.25
621200,陇南市,620000,甘肃省,100000,中华人民共和国,陇南市,621200,64.0,0.14698539812376268,0.133,3,0,Not significant,-0.38881701327846024,0.146,0,Not significant,432.66666666666663,336.5,349.25
630100,西宁市,630000,青海省,100000,中华人民共和国,西宁市,630100,233.0,0.17332112116605694,0.11,3,0,Not significant,-0.41777178367512635,0.123,0,Not significant,87.0,374.25,250.25
640100,银川市,640000,宁夏回族自治区,100000,中华人民共和国,银川市,640100,59.0,0.18207632158247156,0.07,3,0,Not significant,-0.4280971640618619,0.068,-1,Cold spot 90%,197.99999999999997,89.0,119.875
640200,石嘴山市,640000,宁夏回族自治区,100000,中华人民共和国,石嘴山市,640200,148.0,0.17704379907147003,0.026,3,3,Low-Low,-0.42154136699091865,0.037,-2,Cold spot 95%,149.0,140.75,113.25
640300,吴忠市,640000,宁夏回族自治区,100000,中华人民共和国,吴忠市,640300,116.0,0.16334524435318673,0.081,3,0,Not significant,-0.40576648028896145,0.068,-1,Cold spot 90%,277.25,77.75,112.75
640400,固原市,640000,宁夏回族自治区,100000,中华人民共和国,固原市,640400,34.0,0.20142768838988917,0.007,3,3,Low-Low,-0.44973129439597465,0.006,-3,Cold spot 99%,90.99999999999999,101.75,204.25
650100,乌鲁木齐市,650000,新疆维吾尔自治区,100000,中华人民共和国,乌鲁木齐市,650100,755.0,0.08732811060056876,0.348,3,0,Not significant,-0.3081260776636003,0.374,0,Not significant,234.0,177.0,160.125
650200,克拉玛依市,650000,新疆维吾尔自治区,100000,中华人民共和国,克拉玛依市,650200,234.0,0.08732811060056875,0.369,3,0,Not significant,-0.3081260776636003,0.34,0,Not significant,755.0,307.25,225.25
